{
    "name": "Csákány",
    "wood_durability": 59,
    "stone_durability": 131,
    "iron_durability": 250,
    "gold_durability": 32,
    "diamond_durability": 1561,
    "netherite_durability" : 2031,
     "wood_srength": "Kő",
     "stone_srength": "vas érc",
     "iron_srength": "Gyémánt érc",
     "gold_srength": "Kő",
    "diamond_srength": "obsidian",
    "netherite_srength": "obsidian",
    "wood_speed": 1,
    "stone_speed": 2,
    "iron_speed": 3,
    "gold_speed": 666,
    "diamond_speed": 4,
    "netherite_speed": 4.5,
    "wood_other": "Be teheted a kemencébe üzemanyagnak",
    "stone_other": "", 
    "iron_other": "",
    "gold_other": "",
    "diamond_other": "",
    "netherite_other": "",
    "descripton": "Ha szeretsz, életed legyen öngyilkoság <3",
    "wood_image": "background-image: url(./images/Wooden_Pickaxe.webp);",
    "stone_image": "background-image: url(./images/Stone_Pickaxe.webp);",
    "iron_image": "background-image: url(./images/Iron_Pickaxe.webp);",
    "gold_image": "background-image: url(./images/Golden_Pickaxe.webp);",
    "diamond_image": "background-image: url(./images/Diamond_Pickaxe.webp);",
    "netherite_image": "background-image: url(./images/Netherite_Pickaxe.webp);"
    



    

    

}